{
    "BOOSTER_COOKIE": {
        "0.0": -138.97117831405998,
        "1e-05": -16.451791680521463,
        "0.0001": -0.17752627756829878,
        "0.001": -0.06879251057667109,
        "0.01": -0.029436263854701106,
        "0.05": -0.013573139938644055,
        "0.1": -0.00826310294339608,
        "0.25": -0.0023509316208353247,
        "0.5": -3.132414652559691e-08,
        "0.75": 0.0031191617397187746,
        "0.9": 0.009627703412680159,
        "0.99": 0.03010710139747709,
        "0.999": 0.059912502175520625,
        "0.9999": 0.0984466968793178,
        "0.99999": 0.12453876344979214,
        "0.999999": 0.15179492092088187,
        "0.9999999": 0.17339014183307633,
        "0.99999999": 0.17554966391648824,
        "0.999999999": 0.17576561613040625,
        "0.9999999999": 0.1757872113503109,
        "1.0": 0.1757896108204285
    },
    "STOCK_OF_STONKS": {
        "0.0": -44891.68222819136,
        "1e-05": -1247.286104056369,
        "0.0001": -1.9049461121406723,
        "0.001": -0.25992336660716153,
        "0.01": -0.06304055764664897,
        "0.05": -0.018522949752774992,
        "0.1": -0.00850714636794833,
        "0.25": -0.0004141097898029,
        "0.5": -2.0696155540910984e-07,
        "0.75": 3.5963176644324445e-07,
        "0.9": 0.007660649802152801,
        "0.99": 0.07130756571584101,
        "0.999": 0.25318880395615817,
        "0.9999": 0.7493681412323753,
        "0.99999": 1.4181581267773358,
        "0.999999": 327.0710392647665,
        "0.9999999": 2254.5821019341975,
        "0.99999999": 2447.3332075697517,
        "0.999999999": 2466.6083186785977,
        "0.9999999999": 2468.5358293015906,
        "1.0": 2468.74999753125
    },
    "SUMMONING_EYE": {
        "0.0": -4548.489187045143,
        "1e-05": -87.61876913069796,
        "0.0001": -0.7852166767517701,
        "0.001": -0.1575444892802175,
        "0.01": -0.0657119622217709,
        "0.05": -0.03233063709611947,
        "0.1": -0.02119328527359252,
        "0.25": -0.008356262160919201,
        "0.5": -7.100394586189818e-06,
        "0.75": 0.0069166175037444,
        "0.9": 0.020661979914260477,
        "0.99": 0.06409865304109454,
        "0.999": 0.12804054079435462,
        "0.9999": 0.3680527007974821,
        "0.99999": 1.956097341365056,
        "0.999999": 38.850789937632804,
        "0.9999999": 54.90555024539721,
        "0.99999999": 56.51102627164997,
        "0.999999999": 56.671573876894215,
        "0.9999999999": 56.68762863551393,
        "1.0": 56.68941249943459
    },
    "GRIFFIN_FEATHER": {
        "0.0": -29076147499999.96,
        "1e-05": -53875.27334224656,
        "0.0001": -33.640710526290604,
        "0.001": -0.3078506628442885,
        "0.01": -0.06624374533235758,
        "0.05": -0.0197778939124781,
        "0.1": -0.0091840674414349,
        "0.25": -4.775725006815137e-05,
        "0.5": -2.36054648343845e-06,
        "0.75": 4.6588072391637195e-06,
        "0.9": 0.0080814480936575,
        "0.99": 0.0779674716873745,
        "0.999": 0.2685185813671659,
        "0.9999": 1.0745592347814257,
        "0.99999": 112.60369993560518,
        "0.999999": 598.4920007999817,
        "0.9999999": 933.0460664247609,
        "0.99999999": 966.5014728220135,
        "0.999999999": 969.8470135974595,
        "0.9999999999": 970.1815675569861,
        "1.0": 970.2187402978344
    },
    "FLAWLESS_PERIDOT_GEM": {
        "0.0": -152078653749999.6,
        "1e-05": -41341011015100.055,
        "0.0001": -74.08150737120323,
        "0.001": -0.2911717886119265,
        "0.01": -0.09252242297481501,
        "0.05": -0.027625219122220795,
        "0.1": -0.015239464913908351,
        "0.25": -3.0479006883211365e-06,
        "0.5": -2.560184093563628e-07,
        "0.75": 3.735316848160333e-07,
        "0.9": 0.015018022273969797,
        "0.99": 0.09650208659138862,
        "0.999": 0.32778299437281705,
        "0.9999": 1.1300185336490085,
        "0.99999": 29.144488729715533,
        "0.999999": 83.64500448932036,
        "0.9999999": 93.71153709507414,
        "0.99999999": 94.7181903521179,
        "0.999999999": 94.81885568135388,
        "0.9999999999": 94.82892221118732,
        "1.0": 94.8300407167094
    },
    "FLAWLESS_SAPPHIRE_GEM": {
        "0.0": -295153578750000.06,
        "1e-05": -6389962399.857886,
        "0.0001": -50160.5408820573,
        "0.001": -6.912494470004421,
        "0.01": -0.08758559984853295,
        "0.05": -0.024419130558825,
        "0.1": -0.012017578365727338,
        "0.25": -1.7061687016171852e-06,
        "0.5": -2.2281093944938085e-07,
        "0.75": 1.861182633637709e-07,
        "0.9": 0.0091727913679547,
        "0.99": 0.09591234482685568,
        "0.999": 0.5462269188468099,
        "0.9999": 29.46181554449636,
        "0.99999": 10477177500000.225,
        "0.999999": 223401990217408.72,
        "0.9999999": 223402022646740.97,
        "0.99999999": 223402025889674.2,
        "0.999999999": 223402026213967.5,
        "0.9999999999": 223402026246396.84,
        "1.0": 223402026250000.1
    },
    "FARMING_FOR_DUMMIES": {
        "0.0": -641876283749999.9,
        "1e-05": -55501362957799.94,
        "0.0001": -98750000.0413507,
        "0.001": -0.7456815130157529,
        "0.01": -0.08523317976621696,
        "0.05": -0.02057292137691062,
        "0.1": -0.0028980658070782597,
        "0.25": -6.50326299193276e-07,
        "0.5": -6.348214112119933e-08,
        "0.75": 1.0947743069236797e-07,
        "0.9": 4.061031387115805e-05,
        "0.99": 0.1000646773307625,
        "0.999": 0.7781729693594961,
        "0.9999": 1310.276689651905,
        "0.99999": 25694512462836.4,
        "0.999999": 188182147499999.9,
        "0.9999999": 188182147499999.9,
        "0.99999999": 188182147499999.9,
        "0.999999999": 188182147499999.9,
        "0.9999999999": 188182147499999.9,
        "1.0": 188182147499999.9
    },
    "FLAWLESS_AMBER_GEM": {
        "0.0": -266984746250000.1,
        "1e-05": -107637427626124.9,
        "0.0001": -41392.493454353375,
        "0.001": -0.7589645999715157,
        "0.01": -0.08908761288648784,
        "0.05": -0.022909658936654,
        "0.1": -0.0112195461303745,
        "0.25": -1.892064040973404e-06,
        "0.5": -2.625517807702417e-07,
        "0.75": 1.5987101963949233e-07,
        "0.9": 0.0082207772041942,
        "0.99": 0.09606805717739282,
        "0.999": 0.4705577128914581,
        "0.9999": 2.2712499674125,
        "0.99999": 14805.888023336573,
        "0.999999": 35515905.357765764,
        "0.9999999": 92426590.55021416,
        "0.99999999": 98117659.0478272,
        "0.999999999": 98686765.90897366,
        "0.9999999999": 98743676.58370315,
        "1.0": 98750000.0046566
    },
    "FLAWLESS_CITRINE_GEM": {
        "0.0": -190226074999999.9,
        "1e-05": -177819294257500.0,
        "0.0001": -27503.721819232636,
        "0.001": -0.9761336558872433,
        "0.01": -0.07246411641296618,
        "0.05": -0.022129011976471175,
        "0.1": -0.011277016357530732,
        "0.25": -9.399268127311988e-07,
        "0.5": -2.1728337084473367e-07,
        "0.75": 6.468901886077009e-08,
        "0.9": 0.00629242623709636,
        "0.99": 0.08776839399612664,
        "0.999": 0.4874484852002083,
        "0.9999": 14.280111118831625,
        "0.99999": 22392352500000.035,
        "0.999999": 22392401874999.98,
        "0.9999999": 22392401874999.98,
        "0.99999999": 22392401874999.98,
        "0.999999999": 22392401874999.98,
        "0.9999999999": 22392401874999.98,
        "1.0": 22392401874999.98
    },
    "FLAWLESS_RUBY_GEM": {
        "0.0": -202088813750000.2,
        "1e-05": -1496176062.4971843,
        "0.0001": -76048.29019820155,
        "0.001": -1.10230696972663,
        "0.01": -0.07714870948802299,
        "0.05": -0.01977167925419519,
        "0.1": -0.008773918734742182,
        "0.25": -1.0551170327670398e-06,
        "0.5": -1.494766048370737e-07,
        "0.75": 1.9610981650921198e-07,